Keyword,Volume,Keyword Difficulty
cv,33100,28
cv kungen,12100,31
cv exempel,6600,22
cv mall gratis,6600,30
skriva cv,4400,35
gratis cv mall,2900,29
hur skriver man ett cv,2900,20
canva cv,1900,33
gratis cv,1900,35
cv mall word,1600,18
mall cv,1600,36
mall cv word,1600,26
erc b rdw cv,1300,15
scania cv ab,1300,31
arbetsförmedlingen cv,1000,29
cv 90,1000,40
cv arbetsförmedlingen,1000,26
exempel på cv,1000,20
skapa cv,1000,39
cv gratis,880,32
göra ett cv,880,36
arbetsförmedlingen cv mall,720,25
bästa cv mall gratis,720,27
cv bild,720,14
cv mall arbetsförmedlingen,720,23
cv och personligt brev,720,18
cv online,720,40
cv personligt brev,720,24
cv på svenska,720,36
cv svenska,720,36
färdigheter cv exempel,720,10
hur ett cv ska se ut,720,16
hur man skriver ett cv,720,17
hur ska cv se ut,720,16
hur ska en cv se ut,720,16
hur ska ett cv se ut,720,14
personligt brev cv,720,14
cv bankas,590,22
cv engelska,590,13
exempel cv,590,23
hur skriver man cv,590,18
kompetenser cv,590,17
mall för cv,590,30
skapa cv gratis,590,35
skriva ett cv,590,18
vad är cv,590,17
vad är ett cv,590,14
bra cv,480,19
cv keskus,480,28
cv mall enkel,480,21
cv på engelska,480,13
cv referenser,480,15
enkel cv mall,480,23
hur gör man ett cv,480,15
hur ser ett cv ut,480,14
referenser cv,480,16
vad ska ett cv innehålla,480,13
vad står cv för,480,14
bild till cv,390,22
cv betyder,390,11
cv mall google docs,390,26
cv mall gratis arbetsförmedlingen,390,33
cv mall gratis ladda ner,390,23
cv språk,390,12
cv tips,390,16
färdigheter cv,390,16
kia cv,390,21
språk cv,390,13
tips cv,390,16
vad betyder cv,390,13
ats cv,320,26
cv exempel ungdom,320,19
cv joint,320,13
cv mall gratis pdf,320,18
cv profil,320,18
cv undersköterska,320,16
erc b rdw cv högt,320,13
erc b rdw cv lågt,320,15
hur ser ett bra cv ut,320,15
profil cv,320,12
rdw cv,320,16
snyggt cv,320,31
cv gratis mall,260,26
cv skapare,260,40
cv ungdom,260,23
enkelt cv,260,18
harvard cv format,260,36
harvard cv template word,260,39
hur skriver man ett bra cv,260,13
jobb utan cv,260,16
mitt cv,260,35
olivia wigzell cv,260,13
referenser i cv,260,13
ska man ha bild på cv,260,12
skriva cv mall,260,17
skriva cv och personligt brev,260,21
ulf kristersson cv,260,15
vad ska man skriva i ett cv,260,12
bilde på cv,210,12
cv exempel personligt brev,210,9
cv för sommarjobb,210,10
cv gatan,210,23
cv inspiration,210,24
cv mall ungdom,210,15
cv och personligt brev exempel,210,10
cv partner,210,14
cv personligt brev exempel,210,23
cv sammanfattning,210,12
cv sommarjobb,210,12
cv till sommarjobb,210,14
ett bra cv,210,12
exempel cv och personligt brev,210,22
exempel cv personligt brev,210,11
exempel på cv och personligt brev,210,21
exempel på cv personligt brev,210,8
fixa cv,210,13
förslag cv,210,13
förslag på cv,210,13
förslag till cv,210,11
gratis cv mall ladda ner,210,11
gratis cv mall word,210,22
hur långt ska ett cv vara,210,12
personligt brev cv exempel,210,10
sammanfattning cv,210,12
skapa cv gratis mall,210,35
sommarjobb cv,210,15
språkkunskaper cv,210,13
sök jobb utan cv,210,13
tom cv mall,210,10
vad heter cv på engelska,210,19
att skriva cv,170,9
cv byggare,170,13
cv för lärare,170,13
cv hjälp,170,17
cv hur skriva,170,9
cv lärare,170,13
cv maker gratis,170,37
cv mall gratis word,170,17
cv mall på svenska,170,32
cv mall svenska,170,23
cv mall word gratis,170,24
cv news,170,28
cv pics,170,37
cv picture,170,33
cv på svenska mall,170,16
cv sjuksköterska,170,10
cv svenska mall,170,17
egenskaper cv,170,10
exempel på ett bra cv,170,21
hur att skriva cv,170,11
hur att skriva ett cv,170,10
hur man skriver cv,170,11
hur skriver jag cv,170,10
hur skriver jag ett cv,170,18
lärare cv,170,13
målsättning cv,170,11
professionellt cv,170,11
sjuksköterska cv,170,13
skapa cv online gratis,170,36
skapa ett cv,170,37
student cv,170,25
svensk cv mall,170,17
swedish cv,170,23
swedish cv example,170,15
swedish cv format,170,20
swedish cv sample,170,11
swedish cv template,170,22
vad ska man ha med i cv,170,16
vad ska man ha med i ett cv,170,11
arbetsförmedlingen skriva cv,140,24
bianchi methanol cv fs 9.3,140,9
bra cv exempel,140,17
bästa cv mall,140,32
cv barnskötare,140,13
cv bild exempel,140,10
cv datorkunskaper,140,13
cv europass model,140,35
cv exempel student,140,18
cv för ungdom,140,12
cv förkortning,140,19
cv kompetenser,140,12
cv konsult,140,8
cv kungen gratis,140,21
cv maker svenska,140,39
cv mal,140,27
cv mall exempel,140,9
cv market,140,23
cv och personligt brev mall,140,23
cv personnummer,140,13
cv photo,140,33
cv profil exempel,140,10
cv språkkunskaper,140,8
cv typsnitt,140,18
cv word,140,35
europass cv template,140,33
exempel på bra cv,140,10
färdigheter att skriva på cv,140,10
good cv examples,140,39
google docs cv mall,140,18
gratis cv mall pdf,140,21
gratis mall cv,140,18
guide cv,140,40
göra cv gratis,140,18
harvard cv,140,36
hjälp med att skriva cv,140,19
hjälp med cv,140,12
kompetenser cv exempel,140,8
konsult cv,140,9
ladda ner cv mall,140,22
magdalena andersson cv,140,23
mall till cv,140,28
mitt cv eller min cv,140,11
overleaf cv template,140,36
personnummer cv,140,8
personnummer i cv,140,9
personnummer på cv,140,12
scania cv,140,33
scania cv ab publ,140,32
scania cv ab södertälje,140,32
ska man ha med referenser i cv,140,13
skriva en bra cv,140,11
skriva ett bra cv,140,10
snygga cv mallar,140,28
squier cv stratocaster,140,11
tips för cv,140,12
tips om cv,140,11
tips till cv,140,18
undersköterska cv,140,19
vad ska finnas i ett cv,140,10
vad ska finnas med i ett cv,140,13
word cv mall,140,19
barnskötare cv,110,10
bild cv,110,9
bra cv mall,110,25
ca cv,110,31
citroen 2 cv,110,14
create cv from linkedin,110,39
cv arkitekt,110,8
cv axle,110,33
cv ekonomiassistent,110,13
cv exempel engelska,110,12
cv exempel svenska,110,12
cv exempel undersköterska,110,9
cv foto,110,14
cv förskollärare,110,13
cv förslag,110,13
cv gatan örebro,110,18
cv icons,110,28
cv innehåll,110,13
cv joint axle,110,38
cv körkort,110,13
cv mall canva,110,33
cv mall engelska,110,11
cv mallen se,110,40
cv merit,110,13
cv online gratis,110,35
cv på engelska exempel,110,11
cv rubrik,110,8
cv säljare,110,6
cv undersköterska exempel,110,10
cv unionen,110,19
cv utbildning,110,12
engelsk cv exempel,110,10
engelskt cv exempel,110,12
euro pass cv,110,24
exempel på cv undersköterska,110,9
hur gör man cv,110,10
hur skriva cv,110,18
innehåll cv,110,13
innehåll i ett cv,110,6
intressen i cv,110,12
linkedin cv maker,110,37
mall cv gratis,110,26
min eller mitt cv,110,9
mitt eller min cv,110,8
personligt cv,110,23
profil i cv,110,9
profil på cv,110,12
tips på cv,110,11
undersköterska cv exempel,110,14
unionen cv,110,17
utbildning cv,110,12
vad ska stå i ett cv,110,13
vad ska vara med i ett cv,110,13
arbetserfarenhet cv,90,10
arbetslivserfarenhet cv,90,12
best font for cv,90,40
bild i cv,90,9
butikssäljare cv,90,10
bästa cv,90,11
chef cv,90,13
cv 67,90,18
cv arbetserfarenhet,90,12
cv arbetslivserfarenhet,90,12
cv butikssäljare,90,8
cv för butikssäljare,90,8
cv för restaurang,90,8
cv granskning,90,17
cv lager,90,13
cv mall för sommarjobb,90,8
cv mall sommarjobb ungdom,90,21
cv om mig,90,12
cv restaurang,90,10
cv skellefteå,90,26
cv står för,90,13
cv svenska exempel,90,21
cv övriga meriter,90,11
datorkunskaper cv,90,10
exempel cv engelska,90,9
exempel på cv engelska,90,10
exempel på cv sjuksköterska,90,8
förskollärare cv,90,6
gratis cv mallar att ladda ner,90,21
honda cv 1000,90,17
honda cv r,90,27
hur kan man skriva cv,90,7
hur kan man skriva ett cv,90,12
hur man kan skriva cv,90,8
hur man kan skriva ett cv,90,9
hur skriver man en cv,90,16
hur skriver man referenser cv,90,8
hur skriver man referenser i cv,90,8
language levels on cv,90,29
lediga jobb utan cv,90,14
mall cv och personligt brev,90,23
modern cv,90,31
modernt cv,90,16
om mig cv,90,13
restaurang cv,90,9
ska man ha med gymnasieutbildning i cv,90,15
skapa gratis cv,90,36
skillnad på cv och personligt brev,90,13
snygga cv,90,31
svensk cv,90,23
svenska cv exempel,90,19
sveriges ingenjörer cv,90,25
säljare cv,90,8
utmärkelser cv,90,9
vad skriver man i ett cv,90,11
what does cv stand for,90,28
att skriva ett cv,70,9
cv chefstjänst,70,8
cv ekonomi,70,21
cv exemple,70,33
cv för sommarjobb 16 år,70,10
cv hjälp personligt brev,70,18
cv kock exempel,70,7
cv mall sommarjobb,70,14
cv med foto,70,16
cv personlig profil,70,8
cv referenser lämnas på begäran,70,12
cv sjuksköterska exempel,70,6
cv sommarjobb mall,70,13
cv ungdom exempel,70,19
cv upplägg,70,8
cv what does it stand for,70,32
ekonomiassistent cv,70,13
ett cv,70,13
exempel cv mall,70,22
exempel på cv barnskötare,70,8
hur skriver man cv mall,70,19
investment banking cv,70,31
jimmie åkesson cv,70,16
johan forssell cv,70,19
körkort cv,70,11
modern cv mall,70,23
n cv,70,32
personlig assistent cv,70,8
personligt i cv,70,8
peter hultqvist cv,70,17
scania cv ab sodertalje,70,23
scania cv södertälje,70,31
skapa cv mall,70,36
skriva cv arbetsförmedlingen,70,23
svenskt cv,70,10
vad är kompetens i cv,70,12
övriga meriter cv,70,11
alexander stubb cv,50,18
anna starbrink cv,50,13
annika strandhäll cv,50,17
arcus cv,50,18
arkitekt cv,50,11
bianchi infinito cv,50,18
cv barnskötare exempel,50,4
cv civilingenjör,50,8
cv et,50,10
cv exempel lärare,50,7
cv exempel referenser,50,7
cv färdigheter,50,7
cv ingenjör,50,11
cv jurist,50,6
cv lagerarbetare,50,13
cv maker kontakt,50,12
cv mall bild,50,8
cv mall ladda ner,50,13
cv mall ungdom arbetsförmedlingen,50,26
cv personligt,50,9
cv punkter,50,13
cv ungdom utan erfarenhet,50,8
cv utan erfarenhet,50,11
eu cv,50,25
exempel på cv ungdom,50,6
hur man skriver cv mall,50,6
hur man skriver en cv,50,8
hur ska ett bra cv se ut,50,18
hur ska man skriva cv,50,7
hur ska man skriva ett cv,50,5
ingenjör cv,50,12
jurist cv,50,10
kort om mig cv exempel,50,7
kreativa cv,50,6
ladda ner gratis cv mall,50,14
luckor i cv,50,7
praktik cv,50,10
professionell cv mall,50,26
rubrik på cv,50,6
upplägg cv,50,19
arbetsförmedlingen cv tips,40,28
barnskötare cv exempel,40,7
citroen cv,40,17
cv actor,40,33
cv engelska exempel,40,8
cv exempel sjuksköterska,40,6
cv for cleaning job,40,14
cv för personlig assistent,40,6
cv i sverige,40,31
cv imread,40,25
cv jobb,40,33
cv kungen se,40,28
cv linkedin,40,33
cv lärare exempel,40,7
cv mall docx,40,23
cv praktik,40,8
cv review,40,34
cv template illustrator,40,35
cv villas,40,37
cv with no experience sample,40,34
din cv eller ditt cv,40,10
doctor cv template,40,28
egenskaper i cv,40,16
en cv eller ett cv,40,15
foto på cv eller personligt brev,40,13
foto till cv,40,17
garmin striker 7 cv,40,13
google dokument cv mall,40,18
hinduers cv,40,12
hjälp med personligt brev och cv,40,17
hur kan ett cv se ut,40,8
hur man skriver ett cv mall,40,15
hur skriver man ett cv mall,40,21
hur skriver man ett cv som ungdom,40,16
inner cv joint,40,5
krone comprima cv 150 xc,40,6
lärare cv exempel,40,7
manpower cv,40,13
medical doctor cv,40,28
meriter cv,40,11
min cv eller mitt cv,40,9
personlig profil cv,40,8
plus i cv,40,9
registrera cv,40,8
skriv cv gratis,40,35
skriva cv exempel,40,18
skriva cv på engelska,40,11
skriva cv på mobilen,40,15
skriva cv tips,40,22
sveriges ingenjörer cv granskning,40,26
sök cv,40,35
tips skriva cv,40,14
two column cv,40,23
unique cv,40,38
vad ska ingå i ett cv,40,13
wso cv template,40,33
10 cv,30,10
3d artist cv,30,14
academic cv for phd application,30,40
academic cv latex,30,29
account manager cv,30,14
al 3640 cv,30,8
allaway cv 1350 filter,30,3
anders borg cv,30,14
att göra cv,30,36
b körkort engelska cv,30,6
bad cv joint,30,13
behöver man cv för sommarjobb,30,11
beskriva sig själv cv,30,4
best cv pictures,30,30
betala för cv,30,13
betyg i cv,30,9
bosch al 3620 cv,30,17
bra bild till cv,30,4
bra cv och personligt brev,30,21
bra egenskaper cv,30,11
bra intressen på cv,30,7
bra målsättning i cv,30,9
bra ord att använda i cv,30,9
butikschef cv,30,9
bästa typsnitt för cv,30,8
chef cv sample,30,27
civilingenjör cv,30,9
cleaner cv example,30,13
convert linkedin profile to cv,30,31
cv 17,30,21
cv 17 åring,30,16
cv 22b osprey,30,38
cv 33,30,37
cv 35,30,37
cv 440,30,14
cv 62,30,28
cv 67 kennedy,30,31
cv 9,30,26
cv 90 120,30,32
cv akademiker,30,11
cv arbetsförmedlingen mall,30,21
cv b körkort,30,4
cv beskrivning,30,9
cv bil,30,5
cv bild fotograf,30,3
cv blankett,30,28
cv board game,30,17
cv brazil,30,40
cv butiksbiträde,30,5
cv calculator,30,18
cv carb,30,8
cv chef exempel,30,8
cv civilekonom,30,8
cv civilstånd,30,11
cv classics,30,19
cv curriculum vitae shqip,30,6
cv curve,30,29
cv eller meritförteckning,30,7
cv en,30,14
cv en html,30,34
cv europass word,30,35
cv europeo,30,32
cv exempel barnskötare,30,4
cv exempel butikssäljare,30,12
cv exempel it,30,7
cv exempel profil,30,8
cv exempel på svenska,30,19
cv exempel restaurang,30,7
cv exempel vårdbiträde,30,5
cv experterna,30,33
cv f,30,8
cv farmaceut,30,8
cv fitness test,30,33
cv for marketing job,30,13
cv forma,30,32
cv för läkare,30,5
cv förkortning av,30,9
cv förskollärare mall,30,7
cv game,30,10
cv gate,30,15
cv google,30,24
cv granskning akavia,30,16
cv granskning unionen,30,18
cv gymnasieelev,30,11
cv headings,30,37
cv hobby,30,9
cv html,30,37
cv hur långt,30,9
cv i word,30,12
cv illustrator,30,15
cv indesign template free,30,15
cv information,30,16
cv italiano,30,33
cv jobbansökan,30,23
cv joint boot,30,18
cv joint removal tool,30,8
cv jørgensen,30,23
cv knut,30,3
cv kollen,30,28
cv korsord,30,11
cv kungen kontakt,30,21
cv lego,30,24
cv lokalvårdare,30,14
cv läkare,30,8
cv längd,30,12
cv maker recension,30,21
cv maker reddit,30,38
cv mall barnskötare,30,4
cv mall ekonom,30,7
cv mall english,30,17
cv mall google drive,30,24
cv mall gymnasieelev,30,17
cv mall jurist,30,4
cv mall latex,30,33
cv mall med bild,30,23
cv mall microsoft word,30,13
cv mall online,30,38
cv mall student,30,14
cv mall svenska gratis,30,21
cv mallen logga in,30,38
cv mass,30,14
cv mekaniker,30,8
cv modello europeo,30,28
cv målsättning exempel,30,9
cv nummer,30,18
cv objective examples,30,24
cv online lt,30,24
cv online vakances,30,24
cv paraugs,30,20
cv performance,30,8
cv personlig beskrivning,30,11
cv personligt brev tips,30,14
cv profil text,30,8
cv profile section,30,31
cv program,30,35
cv programmerare,30,8
cv på nätet,30,35
cv på svenska exempel,30,18
cv pågående utbildning,30,7
cv receptionist exempel,30,14
cv sammanfattning och mål,30,9
cv show,30,33
cv skriva,30,33
cv skrivande,30,19
cv sommarjobb 17 år,30,14
cv sommarjobb ungdom,30,14
cv stands for,30,38
cv säljare butik,30,6
cv söka jobb,30,15
cv teknik,30,10
cv template pages mac,30,22
cv text,30,10
cv till klädbutik,30,6
cv till matbutik,30,7
cv till mönstring,30,13
cv to kv,30,7
cv två sidor,30,12
cv uab,30,18
cv utan utbildning,30,11
cv ux designer,30,28
cv vad ska vara med,30,10
cv video,30,8
cv vision,30,28
cv volvo,30,21
cv vård och omsorg exempel,30,10
cv workshop,30,8
cv x,30,23
cv+,30,23
dansk cv,30,13
diplomat cv,30,10
dokument cv,30,18
dåligt cv,30,9
egenskaper till cv,30,11
eksempel cv,30,20
engineering cv template,30,28
enkelt cv ungdom,30,16
ett cv mall,30,31
europass cv create,30,38
europass cv example,30,40
europass cv template download,30,32
exempel personligt brev cv,30,18
exempel på cv lärare,30,6
exempel på cv student,30,16
exempel på dåligt cv,30,9
exempel på ett cv,30,21
finsk cv präst,30,6
fixa cv online,30,34
french cv,30,32
fritidsintressen cv,30,9
funktionellt cv,30,9
färdiga cv mallar gratis,30,21
färdigheter på cv,30,9
födelsedatum på cv,30,7
första cv mall,30,26
game developer cv,30,12
german cv template,30,27
good colours for cv,30,23
good skills for cv,30,26
google cv mall,30,10
google docs cv,30,33
gratis cv mall google docs,30,24
gör en cv,30,34
göra cv i mobilen,30,28
hans brun cv,30,9
henna virkkunen cv,30,19
hjälp att skriva cv och personligt brev,30,16
housekeeping cv,30,21
how to calculate cv,30,23
how to send cv by email,30,24
hur beskriver man sig själv i cv,30,8
hur du skriver cv,30,11
hur gör man en cv,30,12
hur man skriver cv och personligt brev,30,11
hur man skriver ett bra cv,30,11
hur man skriver ett cv ungdom,30,16
hur ska jag skriva mitt cv,30,10
hur skriver jag ett bra cv,30,11
hur skriver man ett cv om man inte har jobbat,30,14
i cv,30,9
ikea cv,30,27
it cv,30,8
it cv examples,30,34
jag har bifogat mitt cv,30,8
jobb cv,30,13
jobbansökan cv,30,23
johan rockström cv,30,22
journalist cv,30,8
justera cv förgasare harley,30,1
kenton midi to cv,30,16
kielitaito cv,30,13
kompetenser till cv,30,8
ladda ner cv mall gratis,30,21
lager cv,30,9
latex cv mall,30,26
lia cv,30,8
läkare cv,30,5
mall cv arbetsförmedlingen,30,23
mall för cv och personligt brev,30,19
min cv,30,32
motivational letter for cv,30,35
mål cv,30,9
målsättning cv exempel,30,8
nytt cv,30,38
open office cv mall,30,22
pages cv template free,30,37
personligt brev cv mall,30,22
personligt brev cv tips,30,17
personligt brev och cv,30,15
professional summary for cv,30,30
proffsigt cv,30,16
profil i cv exempel,30,8
redigera cv,30,36
s cv,30,29
skapa cv linkedin,30,22
skapa ett cv gratis,30,34
skillnad cv och personligt brev,30,11
skriv cv online gratis,30,33
skriva cv online,30,37
skriva ett cv och personligt brev,30,17
skriva sitt första cv,30,18
snyggt modern cv mall,30,17
språknivå cv,30,9
så skriver du ett cv,30,11
sök jobb utan cv stockholm,30,13
tips cv och personligt brev,30,13
tips på att skriva cv,30,13
tips på ett bra cv,30,14
typsnitt för cv,30,8
ungdom cv,30,18
utforma ett cv,30,32
utseende på cv,30,10
vad ingår i ett cv,30,10
vad innehåller cv,30,11
vad ska ett bra cv innehålla,30,13
vad ska man skriva om sig själv i ett cv,30,8
vad skriver man i profil på cv,30,7
vad är en cv,30,10
översätt cv från svenska till engelska,30,13
