Keyword,Volume,Keyword Difficulty,SERP Features
personligt brev,18100,23,"AI Overview, Image, Video, Video carousel, People also ask, Related searches, Ads bottom, Ads middle"
personligt brev exempel,12100,27,"AI Overview, Image, Image pack, Video, People also ask, Related searches"
personligt brev mall,5400,30,"Image, Image pack, Video, People also ask, Related searches, Ads top, Ads bottom, Ads middle"
hur skriver man ett personligt brev,2400,13,"Sitelinks, AI Overview, Video, Video carousel, People also ask, Related searches"
skriva personligt brev,1900,28,"Sitelinks, AI Overview, Image, Video, Video carousel, People also ask, Related searches"
exempel på personligt brev,1600,25,"AI Overview, Image, Image pack, Video, People also ask, Related searches"
personligt brev mall gratis,1600,22,"AI Overview, Video, Related searches"
personlig brev,1300,25,"Image, Image pack, Video, People also ask, Related searches"
personligt brev tips,1000,15,"AI Overview, Video, Related searches"
tips personligt brev,1000,15,"AI Overview, Image pack, Video, Related searches"
tips på personligt brev,1000,14,"AI Overview, Image pack, Video, Related searches"
cv och personligt brev,880,22,"AI Overview, Image, Video, Related searches"
cv personligt brev,880,25,"AI Overview, Image, Video, Related searches"
färdiga personliga brev,880,18,"Image, Image pack, Video, Related searches"
hur långt ska ett personligt brev vara,880,12,"AI Overview, Image pack, Related searches"
mall personligt brev,880,28,"AI Overview, Image, Video, Related searches"
personlig brev exempel,880,26,"AI Overview, Image, Image pack, Video, People also ask, Related searches"
personligt brev cv,880,32,"AI Overview, Image, Video, People also ask, Related searches"
bästa personligt brev exempel,720,25,"AI Overview, Image, Image pack, Video, People also ask, Related searches"
exempel personligt brev,720,25,"Image, Image pack, Video, People also ask, Related searches"
personligt brev engelska,720,8,"AI Overview, Image pack, Video, Related searches"
personligt brev på engelska,720,9,"Image pack, Video, Related searches"
vad ska ett personligt brev innehålla,720,9,"AI Overview, Video, Related searches"
avsluta personligt brev,590,13,"Sitelinks, Image pack, Video, People also ask, Related searches"
gratis personligt brev,590,,
hur skriver man personligt brev,480,14,"Sitelinks, AI Overview, Video, Related searches"
personligt brev ungdom,480,,
vad ska man skriva i ett personligt brev,480,9,"Sitelinks, AI Overview, Video, Related searches, Ads bottom, Ads middle"
vad skriver man i ett personligt brev,480,13,"Sitelinks, AI Overview, Video, Related searches, Ads bottom, Ads middle"
arbetsförmedlingen personligt brev,390,33,"Sitelinks, Video, Knowledge panel, Related searches"
hur börjar man ett personligt brev,390,12,"AI Overview, Image pack, Video, People also ask, Related searches, Ads bottom"
inledning personligt brev,390,11,"AI Overview, Video, People also ask, Related searches"
person brev,390,22,"Image, Image pack, Video, People also ask, Related searches"
personligt brev arbetsförmedlingen,390,32,"Video, People also ask, Knowledge panel, Related searches"
personligt brev inledning,390,8,"Sitelinks, AI Overview, Video, Related searches"
personligt brev undersköterska,390,7,"Sitelinks, AI Overview, Video, Related searches"
skriva ett personligt brev,390,28,"AI Overview, Video, People also ask, Related searches"
vad är ett personligt brev,390,25,"AI Overview, Image, Video, Knowledge panel, Related searches, Ads bottom, Ads middle"
hur avslutar man ett personligt brev,320,7,"Sitelinks, AI Overview, Image pack, Video, Related searches"
hur man skriver ett personligt brev,320,12,"Sitelinks, AI Overview, Image pack, Video, People also ask, Related searches"
hur ska ett personligt brev se ut,320,9,"Sitelinks, AI Overview, Video, Related searches, Ads bottom, Ads middle"
hur skriva personligt brev,320,21,"Sitelinks, Video, People also ask, Related searches"
skriva cv och personligt brev,320,18,"AI Overview, Video, People also ask, Related searches"
skriva personligt brev mall,320,,
vad ska stå i ett personligt brev,320,10,"AI Overview, Image pack, Video, Related searches"
bra personligt brev,260,25,"Featured snippet, AI Overview, Video, People also ask, Related searches"
cv exempel personligt brev,260,23,"AI Overview, Image, Image pack, Video carousel, Related searches"
cv och personligt brev exempel,260,22,"AI Overview, Image, Image pack, Video, People also ask, Related searches"
cv personligt brev exempel,260,25,"Image, Image pack, Video, People also ask, Related searches"
exempel cv och personligt brev,260,20,"AI Overview, Image pack, Video, Video carousel, People also ask, Related searches"
exempel cv personligt brev,260,22,"AI Overview, Image, Image pack, Video, Video carousel, Related searches, Ads top, Ads bottom, Ads middle"
exempel på cv och personligt brev,260,21,"AI Overview, Image pack, Video, Related searches"
exempel på cv personligt brev,260,23,"AI Overview, Image pack, Video carousel, People also ask, Related searches, Ads bottom, Ads middle"
hur ser ett personligt brev ut,260,9,"Image pack, Video, Related searches, Ads bottom, Ads middle"
personligt brev cv exempel,260,24,"Image, Image pack, Video, People also ask, Related searches"
personligt brev innehåll,260,10,"AI Overview, Image, Image pack, Video, Related searches"
vad ska man ha med i ett personligt brev,260,9,"Sitelinks, AI Overview, Image pack, Video, Related searches, Ads bottom, Ads middle"
hur skriver man ett bra personligt brev,210,14,"Sitelinks, AI Overview, Image pack, Video, People also ask, Related searches"
lärare personligt brev,210,9,"AI Overview, Image pack, Video, Related searches"
mall för personligt brev,210,26,"AI Overview, Image, Video, People also ask, Related searches"
personlig brev lärare,210,8,"AI Overview, Video, People also ask, Related searches"
personligt brev barnskötare,210,9,"Sitelinks, AI Overview, Video, Related searches"
personligt brev för lärare,210,9,"AI Overview, Video, People also ask, Related searches, Ads top, Ads bottom, Ads middle"
personligt brev för sommarjobb,210,14,"AI Overview, Video, People also ask, Related searches"
personligt brev läkare,210,,
personligt brev lärare,210,10,"AI Overview, Video, People also ask, Related searches"
personligt brev som lärare,210,9,"AI Overview, Video, Related searches"
personligt brev sommarjobb,210,15,"AI Overview, Image pack, Video, People also ask, Related searches"
personligt brev till lärare,210,9,"AI Overview, Video, People also ask, Related searches"
personligt brev till sommarjobb,210,12,"AI Overview, Image pack, Video, People also ask, Related searches"
sommarjobb personligt brev,210,13,"AI Overview, Image pack, Video, Related searches"
exempel på personligt brev ungdom,170,8,"AI Overview, Video, People also ask, Related searches, Ads bottom, Ads middle"
hur inleder man ett personligt brev,170,11,"Sitelinks, AI Overview, Image pack, Video, People also ask, Related searches"
layout personligt brev,170,23,"Image, Image pack, Video, People also ask, Related searches"
personlig brev sjuksköterska,170,9,"AI Overview, Video, Related searches"
personligt brev bra exempel,170,20,"AI Overview, Image, Image pack, Video, Related searches"
personligt brev exempel ungdom,170,8,"Sitelinks, AI Overview, Image, Video, Related searches"
personligt brev layout,170,23,"AI Overview, Image, Image pack, Video, People also ask, Related searches"
personligt brev lokalvårdare,170,,
personligt brev personlig assistent,170,6,"Sitelinks, Image pack, Video, Related searches"
personligt brev sjuksköterska,170,10,"AI Overview, Video, Related searches"
personligt brev som personlig assistent,170,6,"Sitelinks, Image pack, Video, Related searches"
personligt brev ungdom exempel,170,6,"Sitelinks, AI Overview, Video, Related searches"
sjuksköterska personligt brev,170,8,"Sitelinks, AI Overview, Image pack, Video, Related searches"
administratör personligt brev,140,6,"Sitelinks, AI Overview, Image, Video, Related searches"
att skriva ett personligt brev,140,20,"AI Overview, Image pack, Video, Related searches, Ads top, Ads bottom, Ads middle"
att skriva personligt brev,140,23,"AI Overview, Video, People also ask, Related searches, Ads top, Ads bottom"
bra personligt brev exempel,140,22,"Image, Image pack, Video, People also ask, Related searches"
butikssäljare personligt brev,140,12,"AI Overview, Related searches"
börja ett personligt brev,140,,
cv och personligt brev mall,140,23,"Image, Image pack, Video, Related searches"
exempel personligt brev undersköterska,140,6,"Sitelinks, AI Overview, Image pack, Video, Related searches"
exempel på personligt brev till undersköterska,140,8,"Sitelinks, AI Overview, Image pack, Video, People also ask, Related searches, Ads bottom, Ads middle"
exempel på personligt brev undersköterska,140,8,"Sitelinks, AI Overview, Image pack, Video, People also ask, Related searches, Ads bottom, Ads middle"
förskollärare personligt brev,140,8,"Sitelinks, AI Overview, Image pack, Video, People also ask, Related searches"
förslag personligt brev,140,21,"AI Overview, Image pack, Video, Related searches, Ads top, Ads bottom, Ads middle"
förslag på personligt brev,140,19,"AI Overview, Video, People also ask, Related searches, Ads bottom, Ads middle"
inleda ett personligt brev,140,11,"Sitelinks, AI Overview, Image pack, Video, People also ask, Related searches"
inleda personligt brev,140,9,"Sitelinks, AI Overview, Image pack, Video, People also ask, Related searches"
lagerarbetare personligt brev,140,8,"AI Overview, Image pack, Video, People also ask, Related searches"
personlig brev exempel undersköterska,140,8,"Sitelinks, AI Overview, Image pack, Video, People also ask, Related searches"
personlig brev lagerarbetare,140,6,"Sitelinks, AI Overview, Image pack, Video, Related searches"
personligt brev administratör,140,8,"Sitelinks, AI Overview, Image, People also ask, Related searches"
personligt brev avslut,140,9,"Sitelinks, AI Overview, Video, Related searches"
personligt brev butiksmedarbetare,140,10,"AI Overview, Image pack, Related searches"
personligt brev butikssäljare,140,13,"Sitelinks, AI Overview, People also ask, Related searches"
personligt brev exempel som undersköterska,140,8,"Sitelinks, AI Overview, Video, People also ask, Related searches, Ads bottom, Ads middle"
personligt brev exempel undersköterska,140,6,"Sitelinks, AI Overview, Image pack, Video, Related searches"
personligt brev för lagerarbete,140,6,"Sitelinks, AI Overview, Video, Related searches"
personligt brev förskollärare,140,8,"Sitelinks, AI Overview, Image pack, Video, People also ask, Related searches"
personligt brev förslag,140,21,"AI Overview, Video, Related searches"
personligt brev jobbansökan,140,22,"AI Overview, Image, Video, People also ask, Related searches, Ads bottom, Ads middle"
personligt brev lagerarbetare,140,8,"AI Overview, People also ask, Related searches"
personligt brev på svenska,140,15,"AI Overview, Video, Video carousel, People also ask, Related searches"
personligt brev rubrik,140,13,"AI Overview, Image pack, Video, People also ask, Related searches"
personligt brev som lagerarbetare,140,6,"AI Overview, Image pack, Video, Related searches"
personligt brev svenska,140,20,"AI Overview, Video, People also ask, Related searches"
personligt brev undersköterska exempel,140,6,"Sitelinks, AI Overview, Image pack, Video, Related searches"
rubrik för personligt brev,140,10,"AI Overview, Image pack, Video, People also ask, Related searches"
rubrik personligt brev,140,11,"AI Overview, Image pack, Video, People also ask, Related searches"
rubrik på personligt brev,140,11,"AI Overview, Image pack, Video, People also ask, Related searches"
rubrik till personligt brev,140,11,"AI Overview, Image pack, Video, People also ask, Related searches"
skriva ett bra personligt brev,140,18,"Sitelinks, AI Overview, Video, Related searches"
vad ska vara med i ett personligt brev,140,8,"Sitelinks, AI Overview, Video, Related searches, Ads bottom"
vad är personligt brev,140,18,"AI Overview, Image, Video, Knowledge panel, Related searches, Ads bottom"
avsluta ett personligt brev,110,8,"Sitelinks, AI Overview, Video, Related searches"
avslutning personligt brev,110,11,"Sitelinks, Video, People also ask, Related searches"
avslutning på personligt brev,110,8,"Sitelinks, AI Overview, Image pack, Video, Related searches"
bild i personligt brev,110,18,"Featured snippet, Sitelinks, Image, Image pack, Video, People also ask, Related searches"
bild personligt brev,110,18,"Featured snippet, Image, People also ask, Related searches"
bild på personligt brev,110,18,"Featured snippet, Video, People also ask, Related searches"
bästa personligt brev,110,23,"AI Overview, Video, People also ask, Related searches"
canva personligt brev,110,33,"Image pack, Video, People also ask, Related searches, Ads bottom, Ads middle"
ett bra personligt brev,110,12,"Sitelinks, AI Overview, Video, People also ask, Related searches"
exempel personligt brev jobbansökan,110,23,"Image, Image pack, Video, People also ask, Related searches, Ads bottom, Ads middle"
exempel personligt brev lärare,110,7,"AI Overview, Video, Related searches"
exempel på personliga brev,110,,
exempel på personligt brev jobbansökan,110,22,"Image, Image pack, Video, People also ask, Related searches, Ads top, Ads bottom, Ads middle"
exempel på personligt brev lärare,110,5,"AI Overview, Video, Related searches"
hur långt personligt brev,110,18,"Featured snippet, Related searches"
hur man skriver personligt brev,110,9,"Sitelinks, AI Overview, Image pack, Video, Related searches, Ads bottom, Ads middle"
hur ska man skriva personligt brev,110,,
hur skriver jag ett personligt brev,110,19,"Sitelinks, AI Overview, Video, People also ask, Related searches, Ads bottom"
jobbansökan personligt brev exempel,110,19,"AI Overview, Image, Image pack, Video, People also ask, Related searches"
kort personligt brev,110,,
lärare personligt brev exempel,110,8,"Image pack, Video, People also ask, Related searches"
personligt brev avslutning,110,9,"Sitelinks, AI Overview, Video, Related searches"
personligt brev bild,110,21,"Featured snippet, Image, Related searches"
personligt brev bästa,110,18,"AI Overview, Video carousel, Related searches, Ads bottom, Ads middle"
personligt brev exempel jobbansökan,110,28,"Featured snippet, AI Overview, Image pack, Video carousel, Related searches"
personligt brev exempel lärare,110,7,"AI Overview, Video, Related searches"
personligt brev exempel student,110,12,"AI Overview, Video, Related searches"
personligt brev för utbildning,110,13,"AI Overview, Image pack, Video, People also ask, Related searches, Ads bottom, Ads middle"
personligt brev hur långt,110,12,"AI Overview, People also ask, Related searches"
personligt brev jobbansökan exempel,110,23,"AI Overview, Image, Image pack, Video, Related searches"
personligt brev längd,110,11,"AI Overview, Video, Related searches"
personligt brev lärare exempel,110,6,"AI Overview, Image pack, Video, Related searches"
personligt brev receptionist,110,8,"AI Overview, People also ask, Related searches"
personligt brev struktur,110,12,"AI Overview, Image, Video, People also ask, Related searches"
personligt brev student exempel,110,9,"Sitelinks, AI Overview, Video, People also ask, Related searches, Ads bottom, Ads middle"
personligt brev till utbildning,110,11,"AI Overview, Image pack, Video, People also ask, Related searches"
personligt brev utbildning,110,13,"AI Overview, Image pack, Video, Related searches"
personligt brev vård och omsorg,110,9,"Sitelinks, AI Overview, Image pack, Video, Related searches"
receptionist personligt brev,110,8,"Sitelinks, Image pack, People also ask, Related searches"
struktur personligt brev,110,10,"AI Overview, Image, Video, Related searches"
utbildning personligt brev,110,12,"AI Overview, Image pack, Video, Video carousel, Related searches"
vad ska finnas med i ett personligt brev,110,11,"AI Overview, Video, People also ask, Related searches"
vad ska man skriva i personligt brev,110,,
vad ska personligt brev innehålla,110,,
adressera brev till två personer,90,,
andras personliga brev,90,12,"AI Overview, Image, Image pack, Video, Related searches"
ansökan doktorand personligt brev,90,18,"Featured snippet, Image pack, Video, People also ask, Related searches"
att tänka på när man skriver personligt brev,90,17,"Sitelinks, AI Overview, Image pack, Video carousel, Related searches"
barnskötare personligt brev,90,6,"Sitelinks, Related searches"
bild cv personligt brev,90,14,"AI Overview, Image, Image pack, People also ask, Related searches"
cv hjälp personligt brev,90,21,"AI Overview, Video carousel, People also ask, Related searches, Ads bottom, Ads middle"
cv personligt brev mall exempel,90,30,"AI Overview, Image pack, Video, People also ask, Related searches, Ads bottom, Ads middle"
ekonomiassistent personligt brev utan erfarenhet,90,8,"AI Overview, Image pack, Video, Related searches"
ett riktigt bra personligt brev,90,18,"AI Overview, Video, People also ask, Related searches, Ads top, Ads bottom, Ads middle"
exempel personligt brev mall,90,31,"AI Overview, Image, Video, People also ask, Related searches"
gratis mall personligt brev,90,,
hjälp att skriva personligt brev,90,14,"AI Overview, Image pack, Video, People also ask, Related searches"
hjälp med cv och personligt brev,90,22,"AI Overview, Image pack, Video, People also ask, Related searches"
hjälp med personligt brev och cv,90,18,"AI Overview, Image pack, Video carousel, People also ask, Related searches, Ads bottom"
hur avsluta ett personligt brev,90,8,"Sitelinks, AI Overview, Image pack, Video, People also ask, Related searches"
hur avsluta personligt brev,90,8,"Sitelinks, AI Overview, Image pack, Video, People also ask, Related searches"
hur avslutar man personligt brev,90,6,"Sitelinks, AI Overview, Image pack, Video, Related searches"
hur börjar man personligt brev,90,11,"Sitelinks, Image pack, Video, People also ask, Related searches"
hur skriver man ett personlig brev,90,19,"Sitelinks, AI Overview, Video, Video carousel, People also ask, Related searches"
inleda personligt brev med hej,90,8,"Sitelinks, Image pack, Video, Video carousel, People also ask, Related searches"
jusek personligt brev,90,10,"AI Overview, Image pack, Video, Related searches"
kort personligt brev exempel,90,,
mall cv och personligt brev,90,24,"AI Overview, Video, People also ask, Related searches"
personlig brev mall,90,24,"Image, Image pack, Video, Related searches, Ads bottom"
personlig brev säljare,90,13,"Image pack, Video, People also ask, Related searches"
personlig brev undersköterska,90,8,"Sitelinks, AI Overview, Video, People also ask, Related searches"
personligt brev allmänt,90,22,"Image, Image pack, Video, People also ask, Related searches, Ads top, Ads bottom, Ads middle"
personligt brev ansökan lärare,90,11,"Image pack, Video, People also ask, Related searches"
personligt brev butikssäljare mall,90,12,"Sitelinks, AI Overview, Video, People also ask, Related searches"
personligt brev chefsroll,90,13,"Sitelinks, AI Overview, Image pack, Video, Related searches"
personligt brev ekonomi,90,,
personligt brev exempel köksbiträde,90,8,"AI Overview, Image pack, Video, People also ask, Related searches, Ads bottom, Ads middle"
personligt brev exempel sjuksköterska,90,,
personligt brev exempel städare,90,5,"Sitelinks, AI Overview, Image, Image pack, Video, Related searches, Ads bottom, Ads middle"
personligt brev för säljare,90,8,"AI Overview, Video, People also ask, Related searches"
personligt brev förskola,90,,
personligt brev ingenjör,90,7,"AI Overview, Image pack, Video, Related searches"
personligt brev it exempel,90,5,"Image, Image pack, Video, Related searches, Ads bottom, Ads middle"
personligt brev jobbansökan mall,90,31,"AI Overview, Video, People also ask, Related searches"
personligt brev kurator exempel,90,14,"Featured snippet, AI Overview, Image pack, Video, Related searches"
personligt brev mall administratör,90,5,"Sitelinks, AI Overview, Image, Image pack, Video, Related searches, Ads top, Ads bottom, Ads middle"
personligt brev mall word,90,23,"AI Overview, Image, Video, People also ask, Related searches"
personligt brev projektledare,90,,
personligt brev restaurang,90,,
personligt brev som säljare,90,7,"AI Overview, Image pack, Video, Related searches"
personligt brev städare,90,6,"Sitelinks, AI Overview, Image pack, Video, Related searches, Ads bottom, Ads middle"
personligt brev säljare,90,6,"Image pack, Video, Related searches"
personligt brev till dagis,90,8,"Sitelinks, AI Overview, Image pack, Video, Related searches"
personligt brev till skola,90,,
personligt brev till studier,90,15,"AI Overview, Image pack, Video, Video carousel, People also ask, Related searches"
personligt brev till vård omsorg,90,11,"Sitelinks, AI Overview, Image pack, Video, People also ask, Related searches"
personligt brev tips flashback,90,19,"Image pack, Video, Related searches"
personligt brev undersköterska vårdcentral,90,14,"Featured snippet, Sitelinks, Image pack, Video, Related searches"
skapa personligt brev,90,19,"Image, Image pack, Video, Related searches, Ads top, Ads bottom, Ads middle"
skicka brev till person på företag,90,,
skillnad cv och personligt brev,90,10,"Sitelinks, AI Overview, Image pack, Video, Related searches"
skillnad cv personligt brev,90,9,"Sitelinks, AI Overview, Image pack, Video, Related searches"
skillnad på cv och personligt brev,90,,
skriva personligt brev exempel,90,,
skriva personligt brev skuldsanering,90,17,"Featured snippet, AI Overview, Image pack, Video, Related searches"
skriva personligt brev söka jobb,90,21,"AI Overview, Image pack, Video, People also ask, Related searches"
skriva personligt brev till cv,90,13,"AI Overview, Video carousel, People also ask, Related searches"
skriva personligt brev tips,90,14,"AI Overview, Video, People also ask, Related searches, Ads bottom, Ads middle"
sveriges ingenjörer personligt brev,90,21,"Image pack, Video, Related searches, Ads top"
säljare personligt brev,90,6,"AI Overview, Video, Related searches"
undersköterska personligt brev,90,8,"Sitelinks, AI Overview, Video, People also ask, Related searches"
vad ska ingå i ett personligt brev,90,10,"AI Overview, Image pack, Video carousel, People also ask, Related searches, Ads bottom, Ads middle"
vad skriver man i personligt brev,90,13,"AI Overview, Video, People also ask, Related searches"
öppningsfras personligt brev,90,8,"Sitelinks, AI Overview, Image pack, Video, Related searches"
ambitioner och mål personligt brev,70,7,"Sitelinks, AI Overview, Image pack, Related searches"
avsluta personligt brev exempel,70,10,"Sitelinks, AI Overview, Image pack, Video, People also ask, Related searches"
bra inledning på personligt brev,70,8,"Sitelinks, AI Overview, Video, People also ask, Related searches"
bra ord till personligt brev,70,16,"Featured snippet, Image pack, Video, Related searches, Ads bottom"
bästa personligt brev mall,70,23,"Image pack, Video carousel, Related searches"
cv och personlig brev,70,18,"AI Overview, Video carousel, People also ask, Related searches"
cv personligt brev lärare,70,9,"AI Overview, Image pack, Related searches"
cv personligt brev ungdom,70,10,"Sitelinks, AI Overview, Image pack, Video, People also ask, Related searches"
exempel personligt brev butik,70,9,"Sitelinks, AI Overview, Image pack, Related searches"
exempel på bra personliga brev,70,24,"AI Overview, Image pack, Video, People also ask, Related searches"
exempel på personligt brev butiksbiträde,70,11,"Sitelinks, AI Overview, Video, People also ask, Related searches, Ads bottom, Ads middle"
exempel på personligt brev inom it,70,13,"Featured snippet, Image pack, Video, People also ask, Related searches, Ads bottom, Ads middle"
exempel på personligt brev pedagog,70,12,"Image pack, Video, People also ask, Related searches"
exempel på personligt brev som barnskötare,70,6,"Sitelinks, AI Overview, Image pack, Video, People also ask, Related searches, Ads top, Ads bottom, Ads middle"
exempel på personligt brev sommarjobb,70,,
exempel på personligt brev säljare,70,,
handläggare personligt brev,70,6,"AI Overview, Image, Video"
hur man börjar ett personligt brev,70,8,"Sitelinks, AI Overview, Video, Video carousel, Related searches, Ads bottom, Ads middle"
hur ska man börja ett personligt brev,70,10,"Sitelinks, Image pack, Video, People also ask, Related searches, Ads bottom, Ads middle"
hur ska man skriva ett personligt brev,70,,
hur ska personligt brev se ut,70,18,"AI Overview, Image pack, Video carousel, Related searches"
hur skriver man ett cv och personligt brev,70,12,"AI Overview, Image pack, Video, Related searches, Ads bottom, Ads middle"
hur skriver man ett personligt brev till jobb,70,25,"Sitelinks, AI Overview, Video carousel, People also ask, Related searches, Ads bottom"
inledning personligt brev mall,70,18,"Sitelinks, AI Overview, Image pack, Video, Related searches"
jobbansökan personligt brev,70,,
jobbsøknad personlig brev,70,9,"AI Overview, Image pack, Video, Related searches"
lockande inledning personligt brev,70,8,"AI Overview, Image pack, Video, People also ask, Related searches"
läs mitt personliga brev,70,10,"Image pack, People also ask, Related searches, Ads top, Ads bottom, Ads middle"
mall personligt brev gratis,70,21,"Image pack, Related searches"
mall personligt brev ungdom,70,9,"Sitelinks, AI Overview, Image pack, Video, Related searches, Ads top, Ads bottom"
min cv personligt brev,70,23,"AI Overview, Video carousel, People also ask, Related searches, Ads bottom"
personligt brev ansökan,70,,
personligt brev behandlingspedagog,70,13,"AI Overview, Image pack, People also ask, Ads bottom"
personligt brev cv kungen,70,24,"Image pack, Video, Related searches"
personligt brev ekonomijobb,70,13,"Featured snippet, AI Overview, Image pack, Video, People also ask, Related searches"
personligt brev english,70,23,"Featured snippet, Image pack, Video, People also ask, Related searches"
personligt brev exempel cafebiträde,70,10,"Sitelinks, AI Overview, Image, Image pack, Video, People also ask, Related searches, Ads bottom"
personligt brev exempel chef,70,9,"Sitelinks, Image, Image pack, Related searches"
personligt brev exempel inköpare,70,8,"AI Overview, Image pack, Video, People also ask"
personligt brev exempel sfi,70,22,"AI Overview, Image pack, Video, People also ask"
personligt brev folkhögskola,70,,
personligt brev för personlig assistent,70,4,"Sitelinks, Image pack, Video, Related searches"
personligt brev gratis mall,70,,
personligt brev guide,70,13,"Image pack, Video, Video carousel, Related searches"
personligt brev gym,70,8,"Image pack, Video, People also ask"
personligt brev hemtjänst,70,,
personligt brev inköpare,70,8,"AI Overview, Image, Image pack, People also ask"
personligt brev jusek,70,12,"AI Overview, Image, Image pack, Video, People also ask"
personligt brev lss boende,70,8,"AI Overview, Image pack, Related searches"
personligt brev metro,70,11,"AI Overview, Image pack, Video"
personligt brev och cv,70,19,"AI Overview, Image, Video, Related searches"
personligt brev och cv exempel,70,21,"AI Overview, Image, Image pack, Video carousel, Related searches"
personligt brev och cv mall,70,21,"Sitelinks, Image, Image pack, Video, Related searches"
personligt brev personlig assistent mall,70,9,"Sitelinks, AI Overview, Image pack, Related searches"
personligt brev praktik,70,,
personligt brev praktikplats,70,11,"Sitelinks, AI Overview, Video, People also ask, Related searches"
personligt brev projektledare exempel,70,10,"Sitelinks, AI Overview, Image pack, People also ask, Related searches"
personligt brev servitör,70,6,"Sitelinks, AI Overview"
personligt brev säljare mall,70,12,"AI Overview, Video, People also ask, Related searches, Ads bottom"
personligt brev telefonförsäljare,70,8,"Image pack, Video, People also ask, Ads top, Ads bottom"
personligt brev till butik,70,,
personligt brev till elever,70,10,"AI Overview, Image pack, Video, Related searches"
personligt brev till folkhögskola,70,,
personligt brev tips exempel,70,22,"AI Overview, Image pack, Video, People also ask, Discussions and forums, Related searches"
personligt brev utan erfarenhet,70,,
personligt brev vad ska det innehålla,70,8,"AI Overview, Video, Related searches"
personligt brev vårdbiträde exempel,70,8,"Sitelinks, AI Overview, Image pack, People also ask, Related searches, Ads bottom"
personligt brev äldreboende,70,,
skriv ett personligt brev exempel,70,,
skriva personligt brev förskollärare,70,8,"Sitelinks, AI Overview, Image pack, Video, People also ask, Related searches"
skriva personligt brev till csn,70,25,"Featured snippet, Sitelinks, People also ask, Related searches"
skriva personligt brev till skola,70,13,"AI Overview, Image pack, Video, Related searches"
skriva personligt brev utan erfarenhet,70,7,"Sitelinks, Image pack, Video carousel, Related searches, Ads bottom, Ads middle"
tips att skriva personligt brev,70,17,"Sitelinks, AI Overview, Video carousel, Related searches"
tips på ett bra personligt brev,70,12,"Sitelinks, AI Overview, Video, Related searches, Ads bottom, Ads middle"
vad skriva i ett personligt brev,70,18,"Featured snippet, Sitelinks, Video carousel, People also ask, Related searches"
hur börja personligt brev,50,,
hur inleda personligt brev,50,,
hälsningsfras personligt brev,50,,
personligt brev butik,50,,
personligt brev klädbutik,50,,
personligt brev kommunikatör,50,,
personligt brev kriminalvården,50,,
personligt brev kundtjänst,50,,
personligt brev matbutik,50,,
personligt brev personlig assistent exempel,50,,
personligt brev servitris,50,,
personligt brev sommarjobb ungdom,50,,
personligt brev stipendium exempel,50,,
butik personligt brev,40,,
ett exempel på personligt brev,40,,
exempel personligt brev sommarjobb,40,,
exempel på personligt brev ekonomiassistent,40,,
foto på cv eller personligt brev,40,,
hur börja ett personligt brev,40,,
hur kan man skriva ett personligt brev,40,,
hur skriver man personligt brev exempel,40,,
personligt brev elevassistent,40,,
personligt brev enkelt,40,,
personligt brev exempel sommarjobb,40,,
personligt brev exempel säljare,40,,
personligt brev myndighet,40,,
personligt brev rekryterare,40,,
personligt brev skriva,40,,
personligt brev till mcdonalds,40,,
personligt brev till vård och omsorg,40,,
söka jobb internt personligt brev,40,,
typsnitt personligt brev,40,,
vad ska det stå i ett personligt brev,40,,
ansökan om jobb personligt brev,30,,
ansökan personligt brev,30,,
arbetsansökan personligt brev,30,,
arbetsförmedlingen personligt brev exempel,30,,
avsluta personligt brev engelska,30,,
avslutning personligt brev exempel,30,,
berätta om dig själv personligt brev,30,,
bra cv och personligt brev,30,,
början på ett personligt brev,30,,
cv personligt brev tips,30,,
ett perfekt personligt brev,30,,
exempel personligt brev chef,30,,
exempel personligt brev cv,30,,
exempel personligt brev sjuksköterska,30,,
exempel på personligt brev chef,30,,
exempel på personligt brev sjuksköterska,30,,
folkhögskola personligt brev,30,,
förslag på personliga brev,30,,
go monday personligt brev,30,,
hjälp att skriva cv och personligt brev,30,,
hjälp med personligt brev,30,,
hur man skriver cv och personligt brev,30,,
hur man skriver ett personligt brev arbetsförmedlingen,30,,
hur ser ett bra personligt brev ut,30,,
hur ska jag skriva ett personligt brev,30,,
hur skriver man personligt brev till jobb,30,,
hur skriver man personligt brev till praktikplats,30,,
innehåll personligt brev,30,,
karriärguiden personligt brev,30,,
kontaktuppgifter personligt brev,30,,
mall för cv och personligt brev,30,,
mall personligt brev word,30,,
mall på personligt brev,30,,
mitt cv och personligt brev,30,,
person brev cv,30,,
personal brev,30,,
personlig assistent personligt brev,30,,
personlig brev barnskötare,30,,
personlig brev vård och omsorg,30,,
personligt brev academic work,30,,
personligt brev affär,30,,
personligt brev anställning,30,,
personligt brev ansökan till utbildning,30,,
personligt brev ansökan utbildning,30,,
personligt brev antal ord,30,,
personligt brev arbetsansökan,30,,
personligt brev arbetsledare,30,,
personligt brev avslutningsfras,30,,
personligt brev bibliotekarie,30,,
personligt brev början,30,,
personligt brev chaufför,30,,
personligt brev chef,30,,
